{
  "dataset": "OpenOrca (Out-of-Distribution)",
  "num_samples": 111,
  "note": "GPT-4 generated responses",
  "results": {
    "base_model": {
      "rouge1": 0.28818755796024165,
      "rouge2": 0.13105802840236186,
      "rougeL": 0.194026669985262,
      "bleu": 0.06149620905476363,
      "meteor": 0.2315040202139439
    },
    "finetuned_model": {
      "rouge1": 0.2159131637101554,
      "rouge2": 0.08611196272245467,
      "rougeL": 0.16046098743758896,
      "bleu": 0.004443632478771093,
      "meteor": 0.1542523148817192
    }
  },
  "improvements": {
    "rouge1": -25.0789432970792,
    "rouge2": -34.29478241647133,
    "rougeL": -17.29951998363041,
    "bleu": -92.77413592305511,
    "meteor": -33.36948760580171
  }
}