{
  "dataset": "Dolly-15k (Out-of-Distribution)",
  "num_samples": 156,
  "results": {
    "base_model": {
      "rouge1": 0.21693559085579303,
      "rouge2": 0.09117799459591794,
      "rougeL": 0.16512825407041354,
      "bleu": 0.05865747818021547,
      "meteor": 0.19255383134051593
    },
    "finetuned_model": {
      "rouge1": 0.24847193619795588,
      "rouge2": 0.07940002110595261,
      "rougeL": 0.16611024226477278,
      "bleu": 0.04728576462039543,
      "meteor": 0.24341380480240907
    }
  },
  "improvements": {
    "rouge1": 14.537192914152335,
    "rouge2": -12.917561460046228,
    "rougeL": 0.594682115357741,
    "bleu": -19.386639031569537,
    "meteor": 26.41337910952879
  }
}